Type,Time,x,y,z,Action
Accel,0,-4047.000000,-2734.000000,9528.000000,Neutral
Gyro,0,-27.370874,-22.0.740675,Neutral
Accel,0,-4025.000000,-2629.000000,9596.000000,Neutral
Gyro,0,-27.381550,-22.442671,-10.757838,Neutral
Accel,0.02,-4109.000000,-2577.000000,9557.000000,Neutral
Gyro,0.02,-27.386312,-22.429955,-10.757307,Neutral
Accel,0.02,-4076.000000,-2579.000000,9580.000000,Neutral
Gyro,0.02,-27.420185,-22.418081,-10.765625,Neutral
Accel,0.02,-4178.000000,-2898.000000,9639.000000,Neutral
Gyro,0.02,-27.449570,-22.403618,-10.776640,Neutral
Accel,0.02,-4064.000000,-2769.000000,9549.000000,Neutral
Gyro,0.02,-27.488388,-22.393219,-10.778679,Neutral
Accel,0.02,-4067.000000,-2701.000000,9491.000000,Neutral
Gyro,0.02,-27.508591,-22.368122,-10.805309,Neutral
Accel,0.02,-4173.000000,-2817.000000,9452.000000,Neutral
Gyro,0.02,-27.518866,-22.338854,-10.859779,Neutral
Accel,0.02,-4013.000000,-2622.000000,9548.000000,Neutral
Gyro,0.02,-27.535707,-22.321861,-10.875127,Neutral
Accel,0.02,-4131.000000,-2549.000000,9602.000000,Neutral
Gyro,0.02,-27.539814,-22.316696,-10.911366,Neutral
Accel,0.02,-4191.000000,-2550.000000,9723.000000,Neutral
Gyro,0.02,-27.580297,-22.299337,-10.928281,Neutral
Accel,0.02,-4081.000000,-2784.000000,9474.000000,Neutral
Gyro,0.02,-27.614624,-22.290813,-10.929195,Neutral
Accel,0.02,-4136.000000,-2639.000000,9526.000000,Neutral
Gyro,0.02,-27.653011,-22.281918,-10.931681,Neutral
Accel,0.02,-4143.000000,-2401.000000,9698.000000,Neutral
Gyro,0.02,-27.680561,-22.255676,-10.951105,Neutral
Accel,0.02,-4115.000000,-2859.000000,9645.000000,Neutral
Gyro,0.02,-27.773611,-22.231895,-10.955854,Neutral
Accel,0.02,-4185.000000,-3210.000000,9742.000000,Neutral
Gyro,0.02,-27.842308,-22.226433,-10.932166,Neutral
Accel,0.02,-4173.000000,-2990.000000,9570.000000,Neutral
Gyro,0.02,-27.869066,-22.200857,-10.936599,Neutral
Accel,0.02,-4125.000000,-2579.000000,9387.000000,Neutral
Gyro,0.02,-27.854929,-22.127428,-11.049526,Neutral
Accel,0.02,-4091.000000,-2052.000000,9377.000000,Neutral
Gyro,0.02,-27.822290,-22.050999,-11.139012,Neutral
Accel,0.02,-4062.000000,-2174.000000,9235.000000,Neutral
Gyro,0.02,-27.841852,-21.964914,-11.187610,Neutral
Accel,0.02,-4274.000000,-2687.000000,9373.000000,Neutral
Gyro,0.02,-27.910255,-21.927387,-11.196686,Neutral
Accel,0.02,-4396.000000,-2927.000000,9474.000000,Neutral
Gyro,0.02,-27.945690,-21.911001,-11.209193,Neutral
Accel,0.02,-4317.000000,-2907.000000,9625.000000,Neutral
Gyro,0.02,-27.945353,-21.912643,-11.232224,Neutral
Accel,0.02,-4256.000000,-2635.000000,9618.000000,Neutral
Gyro,0.02,-27.902594,-21.918652,-11.263169,Neutral
Accel,0.02,-4449.000000,-2496.000000,9582.000000,Neutral
Gyro,0.02,-27.872038,-21.897375,-11.295774,Neutral
Accel,0.02,-4388.000000,-2559.000000,9464.000000,Neutral
Gyro,0.02,-27.853052,-21.837967,-11.333713,Neutral
Accel,0.02,-4307.000000,-2331.000000,9289.000000,Neutral
Gyro,0.02,-27.824406,-21.813305,-11.331146,Neutral
Accel,0.02,-4378.000000,-2299.000000,9174.000000,Neutral
Gyro,0.02,-27.814924,-21.769104,-11.336079,Neutral
Accel,0.02,-4391.000000,-2494.000000,9374.000000,Neutral
Gyro,0.02,-27.838869,-21.732824,-11.335070,Neutral
Accel,0.02,-4286.000000,-2911.000000,9552.000000,Neutral
Gyro,0.02,-27.875004,-21.730711,-11.307237,Neutral
Accel,0.02,-4448.000000,-2852.000000,9297.000000,Neutral
Gyro,0.02,-27.874865,-21.738371,-11.284207,Neutral
Accel,0.02,-4393.000000,-2573.000000,9356.000000,Neutral
Gyro,0.02,-27.830404,-21.689451,-11.359845,Neutral
Accel,0.02,-4277.000000,-2420.000000,9128.000000,Neutral
Gyro,0.02,-27.790421,-21.664377,-11.447590,Neutral
Accel,0.02,-4323.000000,-2594.000000,9210.000000,Neutral
Gyro,0.02,-27.776926,-21.626740,-11.498926,Neutral
Accel,0.02,-4471.000000,-2598.000000,9247.000000,Neutral
Gyro,0.02,-27.756929,-21.616165,-11.526330,Neutral
Accel,0.02,-4285.000000,-2451.000000,9348.000000,Neutral
Gyro,0.02,-27.743872,-21.650023,-11.577765,Neutral
Accel,0.02,-4248.000000,-2227.000000,9302.000000,Neutral
Gyro,0.02,-27.721899,-21.699291,-11.589541,Neutral
Accel,0.02,-4339.000000,-2139.000000,9290.000000,Neutral
Gyro,0.02,-27.726017,-21.773396,-11.591906,Neutral
Accel,0.02,-4168.000000,-2317.000000,9437.000000,Neutral
Gyro,0.02,-27.764931,-21.814751,-11.585982,Neutral
Accel,0.02,-4151.000000,-2425.000000,9493.000000,Neutral
Gyro,0.02,-27.809294,-21.891171,-11.520967,Neutral
Accel,0.02,-4148.000000,-2567.000000,9696.000000,Neutral
Gyro,0.02,-27.850855,-21.924795,-11.478534,Neutral
Accel,0.02,-3981.000000,-2561.000000,9523.000000,Neutral
Gyro,0.02,-27.861195,-21.927452,-11.462457,Neutral
Accel,0.02,-4115.000000,-2695.000000,9487.000000,Neutral
Gyro,0.02,-27.878056,-21.913589,-11.454779,Neutral
Accel,0.02,-4127.000000,-2711.000000,9448.000000,Neutral
Gyro,0.02,-27.884722,-21.855965,-11.467819,Neutral
Accel,0.02,-4168.000000,-2828.000000,9263.000000,Neutral
Gyro,0.02,-27.889065,-21.804459,-11.487896,Neutral
Accel,0.02,-4236.000000,-2735.000000,9178.000000,Neutral
Gyro,0.02,-27.867048,-21.744244,-11.534336,Neutral
Accel,0.02,-4253.000000,-2296.000000,9172.000000,Neutral
Gyro,0.02,-27.811892,-21.705360,-11.566650,Neutral
Accel,0.1111992,-4225.000000,-2160.000000,9137.000000,Neutral
Gyro,0.1111992,-27.801985,-21.681894,-11.594917,Neutral
Accel,0.1111992,-4317.000000,-2342.000000,9220.000000,Neutral
Gyro,0.1111992,-27.804470,-21.698765,-11.579526,Neutral
Accel,0.1111992,-4240.000000,-2312.000000,9365.000000,Neutral
Gyro,0.1111992,-27.821888,-21.764914,-11.523044,Neutral
Accel,0.1290694,-4201.000000,-2368.000000,9309.000000,Neutral
Gyro,0.1540773,-27.850920,-21.824577,-11.490270,Neutral
Accel,0.1540773,-4176.000000,-2321.000000,9392.000000,Neutral
Gyro,0.1786212,-27.876970,-21.928011,-11.424898,Neutral
Accel,0.1786212,-3996.000000,-2506.000000,9499.000000,Neutral
Gyro,0.1886818,-27.951544,-21.999256,-11.378624,Neutral
Accel,0.2013401,-4143.000000,-2858.000000,9419.000000,Neutral
Gyro,0.2183978,-27.991753,-22.098726,-11.291470,Neutral
Accel,0.238263,-4153.000000,-2890.000000,9574.000000,Neutral
Gyro,0.238263,-28.035551,-22.138733,-11.254321,Neutral
Accel,0.2537326,-4072.000000,-2744.000000,9409.000000,Neutral
Gyro,0.2712052,-28.053211,-22.167459,-11.265108,Neutral
Accel,0.2884792,-4059.000000,-2425.000000,9533.000000,Neutral
Gyro,0.2884792,-28.053381,-22.172173,-11.276917,Neutral
Accel,0.3035869,-3946.000000,-2435.000000,9445.000000,Neutral
Gyro,0.3201558,-28.066305,-22.173414,-11.284171,Neutral
Accel,0.337693,-3988.000000,-2634.000000,9249.000000,Neutral
Gyro,0.337693,-28.090595,-22.188690,-11.280348,Neutral
Accel,0.3742622,-4069.000000,-2741.000000,9430.000000,Neutral
Gyro,0.3742622,-28.112059,-22.246403,-11.236532,Neutral
Accel,0.3919157,-4058.000000,-2648.000000,9434.000000,Neutral
Gyro,0.3919157,-28.142353,-22.289997,-11.227738,Neutral
Accel,0.4024266,-3988.000000,-2589.000000,9330.000000,Neutral
Gyro,0.4161108,-28.148199,-22.355371,-11.220588,Neutral
Accel,0.4341092,-4004.000000,-2557.000000,9633.000000,Neutral
Gyro,0.4341092,-28.168030,-22.410170,-11.211823,Neutral
Accel,0.4681735,-4033.000000,-2562.000000,9477.000000,Neutral
Gyro,0.4681735,-28.184381,-22.488201,-11.205128,Neutral
Accel,0.4837909,-3970.000000,-2521.000000,9568.000000,Neutral
Gyro,0.4837909,-28.219416,-22.530338,-11.195889,Neutral
Accel,0.5181303,-3958.000000,-2668.000000,9635.000000,Neutral
Gyro,0.5181303,-28.234932,-22.592945,-11.204995,Neutral
Accel,0.5333778,-3952.000000,-2703.000000,9528.000000,Neutral
Gyro,0.5333778,-28.272568,-22.628363,-11.197083,Neutral
Accel,0.5869274,-4041.000000,-2459.000000,9572.000000,Neutral
Gyro,0.5869274,-28.298279,-22.655455,-11.202028,Neutral
Accel,0.5869274,-4058.000000,-2507.000000,9400.000000,Neutral
Gyro,0.5869274,-28.342131,-22.675224,-11.216770,Neutral
Accel,0.6120522,-4026.000000,-2451.000000,9586.000000,Neutral
Gyro,0.6120522,-28.374882,-22.704433,-11.189641,Neutral
Accel,0.6327475,-3978.000000,-2618.000000,9447.000000,Neutral
Gyro,0.6327475,-28.438831,-22.733011,-11.170954,Neutral
Accel,0.6514864,-3777.000000,-2612.000000,9476.000000,Neutral
Gyro,0.6677077,-28.477821,-22.785797,-11.144168,Neutral
Accel,0.6852165,-3839.000000,-2960.000000,9380.000000,Neutral
Gyro,0.6852165,-28.565313,-22.823799,-11.131749,Neutral
Accel,0.7168603,-3580.000000,-3730.000000,9092.000000,Neutral
Gyro,0.7168603,-28.646591,-22.878723,-11.138185,Neutral
Accel,0.7321331,-3438.000000,-3785.000000,8766.000000,Neutral
Gyro,0.7495296,-28.716362,-22.931616,-11.176664,Neutral
Accel,0.7856149,-3540.000000,-3106.000000,9027.000000,Neutral
Gyro,0.7856149,-28.710897,-22.955845,-11.445668,Neutral
Accel,0.7856149,-3662.000000,-2075.000000,9125.000000,Neutral
Gyro,0.7856149,-28.658207,-22.976810,-11.643463,Neutral
Accel,0.8120482,-3565.000000,-1832.000000,9036.000000,Neutral
Gyro,0.8120482,-28.663763,-23.164669,-11.876978,Neutral
Accel,0.8328921,-3744.000000,-1806.000000,9462.000000,Neutral
Gyro,0.8328921,-28.802120,-23.423954,-11.888325,Neutral
Accel,0.8568848,-4084.000000,-1989.000000,9647.000000,Neutral
Gyro,0.8568848,-29.010498,-23.877798,-11.789121,Neutral
Accel,0.8891576,-3945.000000,-1901.000000,9933.000000,Neutral
Gyro,0.8891576,-29.387768,-24.227049,-11.788448,Neutral
Accel,0.909037,-3787.000000,-1609.000000,10128.000000,Neutral
Gyro,0.909037,-29.653027,-24.818283,-11.722014,Neutral
Accel,0.9432384,-3700.000000,-1280.000000,10509.000000,Neutral
Gyro,0.9432384,-30.100466,-25.185133,-11.618855,Neutral
Accel,0.9603646,-3795.000000,-1115.000000,10519.000000,Neutral
Gyro,0.9603646,-30.460150,-25.659847,-11.501369,Neutral
Accel,0.9985831,-4109.000000,-1937.000000,10781.000000,Neutral
Gyro,0.9985831,-31.109852,-25.931540,-11.448696,Neutral
Accel,1.015972,-4067.000000,-2400.000000,10767.000000,Neutral
Gyro,1.015972,-31.543064,-26.338106,-11.366731,Neutral
Accel,1.032439,-4213.000000,-1984.000000,10628.000000,Neutral
Gyro,1.032439,-32.247795,-26.596027,-11.288589,Neutral
Accel,1.052037,-4182.000000,-1520.000000,10467.000000,Neutral
Gyro,1.070246,-32.782486,-26.942232,-11.209964,Neutral
Accel,1.087197,-4878.000000,-1721.000000,10334.000000,Neutral
Gyro,1.087197,-33.738659,-27.187090,-11.095469,Neutral
Accel,1.105282,-4795.000000,-2083.000000,10252.000000,Neutral
Gyro,1.105282,-34.475967,-27.611338,-10.762963,Neutral
Accel,1.138077,-4520.000000,-1565.000000,10050.000000,Neutral
Gyro,1.138077,-35.540512,-27.954496,-10.441103,Neutral
Accel,1.154518,-3895.000000,-1199.000000,9480.000000,Neutral
Gyro,1.154518,-36.281765,-28.424248,-9.847132,Neutral
Accel,1.206645,-4132.000000,-690.000000,8652.000000,Neutral
Gyro,1.206645,-37.471386,-28.692259,-9.522696,Neutral
Accel,1.206645,-5038.000000,-2787.000000,8073.000000,Neutral
Gyro,1.206645,-38.389107,-28.995789,-9.313461,Neutral
Accel,1.2339,-4773.000000,-6996.000000,7346.000000,Neutral
Gyro,1.2339,-39.674305,-29.234337,-9.262609,Neutral
Accel,1.262149,-4697.000000,-9190.000000,6682.000000,Neutral
Gyro,1.262149,-40.187057,-29.672234,-9.289814,Neutral
Accel,1.290893,-4315.000000,-10620.000000,6076.000000,Neutral
Gyro,1.290893,-40.355583,-29.850868,-9.802469,Neutral
Accel,1.307824,-3893.000000,-10368.000000,6297.000000,Neutral
Gyro,1.307824,-40.163357,-30.002781,-11.873415,Neutral
Accel,1.342011,-2619.000000,-8506.000000,5861.000000,Neutral
Gyro,1.342011,-39.475616,-30.070461,-13.757402,Neutral
Accel,1.359264,-2513.000000,-7095.000000,5894.000000,Neutral
Gyro,1.359264,-38.770195,-29.939650,-16.190659,Neutral
Accel,1.415729,-2274.000000,-4117.000000,5939.000000,Neutral
Gyro,1.415729,-37.424351,-29.646173,-17.286011,Neutral
Accel,1.415729,-1774.000000,-2533.000000,5981.000000,Neutral
Gyro,1.415729,-36.412498,-29.077204,-18.481575,Neutral
Accel,1.432798,-1791.000000,248.000000,6581.000000,Neutral
Gyro,1.432798,-34.657833,-28.660156,-19.187258,Neutral
Accel,1.459309,-2300.000000,2753.000000,7197.000000,Neutral
Gyro,1.459309,-33.371861,-27.966076,-20.288427,Neutral
Accel,1.491084,-3082.000000,4897.000000,8203.000000,Neutral
Gyro,1.491084,-31.334511,-27.520185,-20.791231,Neutral
Accel,1.508622,-3529.000000,5225.000000,9044.000000,Neutral
Gyro,1.508622,-30.014320,-26.982172,-20.779230,Neutral
Accel,1.542374,-4058.000000,4380.000000,9938.000000,Neutral
Gyro,1.542374,-28.076965,-26.715309,-20.323702,Neutral
Accel,1.558884,-4437.000000,3409.000000,10120.000000,Neutral
Gyro,1.558884,-26.723476,-26.234434,-19.275629,Neutral
Accel,1.593638,-4642.000000,2548.000000,10746.000000,Neutral
Gyro,1.593638,-24.737474,-25.750402,-18.723482,Neutral
Accel,1.636177,-4122.000000,1619.000000,11759.000000,Neutral
Gyro,1.636177,-23.862631,-24.945242,-19.201759,Neutral
Accel,1.636177,-5416.000000,-2279.000000,11498.000000,Neutral
Gyro,1.636177,-23.442726,-24.463318,-20.098482,Neutral
Accel,1.668587,-6998.000000,-5276.000000,11242.000000,Neutral
Gyro,1.668587,-23.623245,-23.800257,-20.596575,Neutral
Accel,1.682772,-6301.000000,-6265.000000,11519.000000,Neutral
Gyro,1.682772,-24.117283,-23.621599,-20.434008,Neutral
Accel,1.705467,-5154.000000,-4086.000000,11696.000000,Neutral
Gyro,1.705467,-24.401834,-23.939634,-20.296387,Neutral
Accel,1.7386,-4068.000000,-325.000000,11109.000000,Neutral
Gyro,1.7386,-24.845684,-24.298204,-20.323521,Neutral
Accel,1.75517,-3272.000000,1551.000000,10868.000000,Neutral
Gyro,1.75517,-25.148808,-24.781115,-19.860989,Neutral
Accel,1.787577,-2412.000000,4295.000000,10307.000000,Neutral
Gyro,1.787577,-25.691181,-25.090708,-19.185658,Neutral
Accel,1.804606,-1860.000000,4978.000000,9997.000000,Neutral
Gyro,1.804606,-26.088591,-25.555683,-17.827097,Neutral
Accel,1.841166,-1242.000000,3761.000000,9286.000000,Neutral
Gyro,1.841166,-26.731058,-25.843925,-16.748663,Neutral
Accel,1.866263,-819.000000,2659.000000,8717.000000,Neutral
Gyro,1.866263,-27.170454,-26.229897,-15.128824,Neutral
Accel,1.878813,-735.000000,1464.000000,7758.000000,Neutral
Gyro,1.888687,-27.579145,-26.387835,-14.321130,Neutral
Accel,1.905755,-631.000000,154.000000,7147.000000,Neutral
Gyro,1.905755,-27.683107,-26.413658,-13.817784,Neutral
Accel,1.940311,-398.000000,-1575.000000,6527.000000,Neutral
Gyro,1.940311,-27.714376,-26.348722,-14.011156,Neutral
Accel,1.956556,101.000000,-2970.000000,5895.000000,Neutral
Gyro,1.956556,-27.499126,-26.271372,-15.077792,Neutral
Accel,1.992351,156.000000,-7136.000000,5549.000000,Neutral
Gyro,1.992351,-26.959248,-26.166164,-16.074928,Neutral
Accel,2.007383,-757.000000,-11533.000000,5140.000000,Neutral
Gyro,2.007383,-27.088787,-25.827360,-18.030287,Neutral
Accel,2.045685,-276.000000,-13039.000000,4060.000000,Neutral
Gyro,2.045685,-27.432276,-25.767515,-19.687002,Neutral
Accel,2.060658,808.000000,-10745.000000,3908.000000,Neutral
Gyro,2.060658,-27.147907,-25.875690,-21.944363,Neutral
Accel,2.085452,2321.000000,-6256.000000,4360.000000,Neutral
Gyro,2.085452,-26.325603,-25.728512,-22.817976,Neutral
Accel,2.102889,1762.000000,-2919.000000,4705.000000,Neutral
Gyro,2.12061,-25.420908,-25.303722,-22.762234,Neutral
Accel,2.13726,1850.000000,985.000000,4580.000000,Neutral
Gyro,2.13726,-23.419159,-24.838623,-21.892492,Neutral
Accel,2.154706,735.000000,3847.000000,4365.000000,Neutral
Gyro,2.154706,-21.825001,-23.716621,-20.151314,Neutral
Accel,2.186706,-594.000000,10915.000000,4508.000000,Neutral
Gyro,2.186706,-18.999796,-22.704304,-19.468552,Neutral
Accel,2.203558,-2863.000000,15777.000000,5342.000000,Neutral
Gyro,2.219697,-16.898973,-20.908627,-19.526268,Neutral
Accel,2.255712,-3991.000000,21920.000000,6894.000000,Neutral
Gyro,2.255712,-14.360418,-19.668957,-19.876141,Neutral
Accel,2.255712,-5019.000000,23470.000000,7634.000000,Neutral
Gyro,2.255712,-13.529002,-18.567438,-19.575180,Neutral
Accel,2.279856,-5591.000000,27582.000000,7211.000000,Neutral
Gyro,2.296399,-13.811018,-18.471643,-18.311039,Neutral
Accel,2.314603,-8369.000000,26687.000000,7139.000000,Neutral
Gyro,2.314603,-15.035475,-19.277781,-14.932572,Neutral
Accel,2.331379,-11699.000000,22100.000000,7059.000000,Neutral
Gyro,2.348113,-21.207737,-20.466600,-12.251103,Neutral
Accel,2.36461,-15578.000000,17427.000000,5996.000000,Neutral
Gyro,2.36461,-29.427649,-23.855116,-8.140183,Neutral
Accel,2.383707,-25273.000000,10737.000000,2789.000000,Neutral
Gyro,2.383707,-47.376305,-26.376276,-4.485165,Neutral
Accel,2.414335,-24939.000000,4538.000000,4197.000000,Neutral
Gyro,2.414335,-62.027802,-28.546284,2.157060,Neutral
Accel,2.43093,-25005.000000,12752.000000,5266.000000,Neutral
Gyro,2.492582,-88.199348,-28.281425,6.477275,Crouch
Accel,2.492582,-26196.000000,-15782.000000,6594.000000,Crouch
Gyro,2.492582,-102.161095,-23.648937,16.214033,Crouch
Accel,2.492582,-27253.000000,-22324.000000,914.000000,Crouch
Gyro,2.492582,-113.087097,-19.671341,22.485985,Crouch
Accel,2.506355,-27887.000000,-19877.000000,4589.000000,Crouch
Gyro,2.506355,-117.005463,-17.334806,22.236414,Crouch
Accel,2.547936,-27773.000000,-1554.000000,10906.000000,Neutral
Gyro,2.547936,-121.647881,-17.750044,16.642509,Neutral
Accel,2.576454,-26835.000000,-6510.000000,6585.000000,Neutral
Gyro,2.576454,-122.929390,-20.976959,7.598702,Neutral
Accel,2.587196,-26077.000000,-10775.000000,3774.000000,Neutral
Gyro,2.587196,-122.441956,-24.102129,7.248987,Neutral
Accel,2.614907,-25294.000000,-17870.000000,2209.000000,Neutral
Gyro,2.614907,-120.279739,-27.141514,10.803078,Neutral
Accel,2.631457,-24993.000000,-23676.000000,-860.000000,Neutral
Gyro,2.668371,-113.666977,-28.328060,13.204218,Neutral
Accel,2.668371,-24331.000000,-20957.000000,-1861.000000,Neutral
Gyro,2.668371,-107.232986,-30.993572,12.760225,Neutral
Accel,2.691659,-23710.000000,-15666.000000,-3742.000000,Neutral
Gyro,2.691659,-95.226784,-33.565964,9.099196,Neutral
Accel,2.714274,-22933.000000,-13027.000000,-4191.000000,Neutral
Gyro,2.714274,-86.321915,-36.888329,1.072562,Neutral
Accel,2.731148,-22730.000000,-5367.000000,-2946.000000,Neutral
Gyro,2.731148,-72.129295,-37.782143,-4.732635,Neutral
Accel,2.763608,-22941.000000,2860.000000,-1892.000000,Neutral
Gyro,2.763608,-62.240501,-36.857086,-13.824538,Neutral
Accel,2.779533,-23380.000000,11539.000000,962.000000,Neutral
Gyro,2.795528,-49.183418,-34.959476,-19.523731,Neutral
Accel,2.811532,-20222.000000,19113.000000,3676.000000,Neutral
Gyro,2.811532,-42.288437,-31.399384,-25.706890,Neutral
Accel,2.827782,-15408.000000,23036.000000,7302.000000,Neutral
Gyro,2.849773,-33.258495,-29.620506,-28.231247,Neutral
Accel,2.88776,-13664.000000,24529.000000,9320.000000,Neutral
Gyro,2.88776,-27.782314,-27.430836,-29.805155,Neutral
Accel,2.88776,-9466.000000,24071.000000,10478.000000,Neutral
Gyro,2.88776,-19.936510,-26.271467,-29.415785,Neutral
Accel,2.91014,-7136.000000,23920.000000,10572.000000,Neutral
Gyro,2.91014,-14.876517,-24.937170,-27.162340,Neutral
Accel,2.930748,-3198.000000,23099.000000,10483.000000,Neutral
Gyro,2.930748,-7.819663,-24.085325,-25.095800,Neutral
Accel,2.965747,-1387.000000,21868.000000,10145.000000,Neutral
Gyro,2.965747,-4.047763,-22.752739,-21.791908,Neutral
Accel,2.982248,1365.000000,15278.000000,8885.000000,Neutral
Gyro,2.982248,-1.049642,-21.850933,-19.679789,Neutral
Accel,3.014326,1236.000000,9434.000000,7622.000000,Neutral
Gyro,3.014326,-1.191306,-20.378288,-16.509287,Neutral
Accel,3.030695,2291.000000,-1859.000000,7539.000000,Neutral
Gyro,3.047077,-2.274819,-19.273651,-14.303200,Neutral
Accel,3.064515,4306.000000,-6187.000000,8432.000000,Neutral
Gyro,3.064515,-2.440506,-18.027687,-11.620936,Neutral
Accel,3.099205,6300.000000,-6466.000000,10348.000000,Neutral
Gyro,3.099205,-3.007420,-17.699976,-11.408813,Neutral
Accel,3.123067,4585.000000,-5648.000000,10271.000000,Neutral
Gyro,3.123067,-3.780323,-17.239212,-13.230821,Neutral
Accel,3.131644,1773.000000,-5813.000000,9370.000000,Neutral
Gyro,3.131644,-5.309937,-16.758907,-14.555662,Neutral
Accel,3.162546,767.000000,-3949.000000,9253.000000,Neutral
Gyro,3.162546,-6.528844,-16.566431,-15.479138,Neutral
Accel,3.178115,-234.000000,-952.000000,8425.000000,Neutral
Gyro,3.192582,-7.944258,-16.967497,-15.447841,Neutral
Accel,3.207275,-134.000000,1831.000000,8299.000000,Neutral
Gyro,3.207275,-8.541647,-17.861891,-14.540463,Neutral
Accel,3.23331,-761.000000,4389.000000,7710.000000,Neutral
Gyro,3.23331,-9.077776,-18.426561,-13.616725,Neutral
Accel,3.264442,-560.000000,4668.000000,7418.000000,Neutral
Gyro,3.264442,-9.388505,-19.004969,-12.219104,Neutral
Accel,3.280611,-61.000000,4120.000000,7225.000000,Neutral
Gyro,3.280611,-9.752879,-19.345098,-11.487105,Neutral
Accel,3.315075,-62.000000,3179.000000,7737.000000,Neutral
Gyro,3.315075,-10.123748,-19.776197,-11.179659,Neutral
Accel,3.333306,-501.000000,626.000000,8676.000000,Neutral
Gyro,3.333306,-10.897248,-20.099062,-11.601615,Neutral
Accel,3.370293,-117.000000,-1343.000000,9665.000000,Neutral
Gyro,3.370293,-11.401131,-20.772476,-12.427426,Neutral
Accel,3.387334,3210.000000,-4326.000000,10214.000000,Neutral
Gyro,3.387334,-11.699929,-21.432211,-12.840154,Neutral
Accel,3.403587,3706.000000,-7486.000000,9982.000000,Neutral
Gyro,3.41906,-11.853345,-22.248753,-13.008015,Neutral
Accel,3.432186,2925.000000,-11624.000000,8971.000000,Neutral
Gyro,3.432186,-12.401456,-22.418724,-12.974456,Neutral
Accel,3.462942,2531.000000,-11853.000000,8632.000000,Neutral
Gyro,3.462942,-12.783512,-22.531073,-13.560172,Neutral
Accel,3.494197,3038.000000,-8938.000000,8087.000000,Neutral
Gyro,3.494197,-12.753151,-22.570398,-14.302479,Neutral
Accel,3.523401,3370.000000,-5518.000000,7150.000000,Neutral
Gyro,3.523401,-12.409770,-22.400099,-15.069151,Neutral
Accel,3.538179,2482.000000,722.000000,6440.000000,Neutral
Gyro,3.538179,-11.659027,-22.010221,-15.316113,Neutral
Accel,3.567171,1677.000000,4939.000000,6409.000000,Neutral
Gyro,3.567171,-11.116193,-20.958469,-15.714795,Neutral
Accel,3.5832,345.000000,8655.000000,6801.000000,Neutral
Gyro,3.5832,-10.405170,-20.141115,-15.891673,Neutral
Accel,3.613918,-438.000000,9496.000000,6973.000000,Neutral
Gyro,3.613918,-10.115646,-19.108629,-15.488813,Neutral
Accel,3.629652,-884.000000,8804.000000,7985.000000,Neutral
Gyro,3.645828,-10.073859,-18.659006,-14.659698,Neutral
Accel,3.661506,-955.000000,7303.000000,8947.000000,Neutral
Gyro,3.661506,-10.258247,-18.374052,-12.854572,Neutral
Accel,3.691876,-1151.000000,3440.000000,10269.000000,Neutral
Gyro,3.691876,-10.716062,-18.325087,-11.486310,Neutral
Accel,3.708246,-707.000000,-714.000000,11429.000000,Neutral
Gyro,3.708246,-11.116526,-18.198709,-9.525322,Neutral
Accel,3.738286,303.000000,-7854.000000,12647.000000,Neutral
Gyro,3.738286,-12.095918,-18.033709,-8.661130,Neutral
Accel,3.752107,0.000000,-11275.000000,12526.000000,Neutral
Gyro,3.759581,-12.645072,-17.277395,-8.345038,Neutral
Accel,3.797836,-1417.000000,-13385.000000,11762.000000,Neutral
Gyro,3.797836,-12.530787,-16.243830,-8.689672,Neutral
Accel,3.814341,-2094.000000,-11741.000000,11715.000000,Neutral
Gyro,3.814341,-12.423298,-14.434960,-9.866755,Neutral
Accel,3.830853,-2596.000000,-10304.000000,10820.000000,Neutral
Gyro,3.847788,-12.474739,-13.503815,-10.727585,Neutral
Accel,3.869636,-3137.000000,-7739.000000,9872.000000,Neutral
Gyro,3.869636,-12.534797,-12.601565,-11.174789,Neutral
Accel,3.884931,-3676.000000,-2340.000000,8498.000000,Neutral
Gyro,3.884931,-12.383701,-12.226773,-10.987542,Neutral
Accel,3.901848,-4086.000000,856.000000,7993.000000,Neutral
Gyro,3.918243,-12.139664,-11.819818,-10.334159,Neutral
Accel,3.954736,-4307.000000,4502.000000,7240.000000,Neutral
Gyro,3.954736,-11.727519,-11.642740,-9.806395,Neutral
Accel,3.954736,-4348.000000,5860.000000,6864.000000,Neutral
Gyro,3.954736,-11.507450,-11.526315,-8.982045,Neutral
Accel,3.995825,-3957.000000,6800.000000,6412.000000,Neutral
Gyro,3.995825,-11.262998,-11.550144,-8.454744,Neutral
Accel,4.012763,-4245.000000,5797.000000,6325.000000,Neutral
Gyro,4.012763,-11.216279,-11.678621,-7.837453,Neutral
Accel,4.029356,-4361.000000,3728.000000,5961.000000,Neutral
Gyro,4.045456,-11.406549,-11.772138,-7.735717,Neutral
Accel,4.061461,-3028.000000,1215.000000,5682.000000,Neutral
Gyro,4.061461,-11.426018,-11.990689,-8.121428,Neutral
Accel,4.094117,-1794.000000,-3921.000000,7164.000000,Neutral
Gyro,4.094117,-11.388557,-12.233230,-8.638573,Neutral
Accel,4.110553,-1417.000000,-7768.000000,8341.000000,Neutral
Gyro,4.110553,-11.684438,-12.838309,-9.939720,Neutral
Accel,4.16265,-2197.000000,-12818.000000,8505.000000,Neutral
Gyro,4.16265,-12.683152,-13.535383,-10.875355,Neutral
Accel,4.16265,-1207.000000,-12731.000000,8505.000000,Neutral
Gyro,4.16265,-13.056684,-14.886543,-11.462955,Neutral
Accel,4.186319,-162.000000,-8685.000000,7810.000000,Neutral
Gyro,4.186319,-12.758741,-15.773256,-11.296705,Neutral
Accel,4.206006,450.000000,-4890.000000,7663.000000,Neutral
Gyro,4.206006,-12.365334,-16.499582,-10.948296,Neutral
Accel,4.241625,1035.000000,-1689.000000,7252.000000,Neutral
Gyro,4.241625,-11.998243,-16.664490,-11.021363,Neutral
Accel,4.257806,850.000000,-1581.000000,6729.000000,Neutral
Gyro,4.257806,-12.064075,-16.664219,-11.199311,Neutral
Accel,4.290576,191.000000,-202.000000,6296.000000,Neutral
Gyro,4.290576,-12.410223,-16.529400,-11.142339,Neutral
Accel,4.306809,-854.000000,1268.000000,6319.000000,Neutral
Gyro,4.306809,-12.523583,-16.167309,-10.979876,Neutral
Accel,4.337827,-944.000000,3286.000000,6412.000000,Neutral
Gyro,4.337827,-12.275573,-15.869553,-10.813080,Neutral
Accel,4.38382,-1227.000000,4273.000000,6670.000000,Neutral
Gyro,4.38382,-11.949320,-15.436261,-10.423248,Neutral
Accel,4.38382,-1913.000000,4052.000000,7372.000000,Neutral
Gyro,4.38382,-11.584336,-15.138889,-10.097058,Neutral
Accel,4.417375,-2387.000000,3239.000000,7581.000000,Neutral
Gyro,4.417375,-11.373411,-14.684480,-9.432079,Neutral
Accel,4.435282,-1815.000000,1396.000000,9005.000000,Neutral
Gyro,4.435282,-10.954949,-14.342364,-8.773286,Neutral
Accel,4.452198,-582.000000,-932.000000,10407.000000,Neutral
Gyro,4.468538,-10.849725,-13.805128,-7.940231,Neutral
Accel,4.485218,663.000000,-6815.000000,11545.000000,Neutral
Gyro,4.485218,-11.072570,-13.394130,-7.566861,Neutral
Accel,4.50148,-103.000000,-9902.000000,11288.000000,Neutral
Gyro,4.51761,-11.269591,-12.481233,-7.369121,Neutral
Accel,4.533388,-847.000000,-9179.000000,10677.000000,Neutral
Gyro,4.533388,-11.213777,-11.716105,-7.863435,Neutral
Accel,4.577193,-1627.000000,-7227.000000,10392.000000,Neutral
Gyro,4.577193,-10.968696,-10.589535,-9.502111,Neutral
Accel,4.589655,-2963.000000,-2954.000000,8801.000000,Neutral
Gyro,4.589655,-10.931807,-10.003959,-10.423623,Neutral
Accel,4.616826,-2657.000000,4542.000000,6620.000000,Neutral
Gyro,4.616826,-10.883883,-9.851077,-10.936736,Neutral
Accel,4.633432,-6170.000000,24989.000000,4048.000000,Neutral
Gyro,4.633432,-10.013238,-10.023364,-10.708999,Neutral
Accel,4.662426,-12668.000000,-30154.000000,-751.000000,Neutral
Gyro,4.662426,-8.406399,-10.555753,-9.344791,Neutral
Accel,4.690232,-18458.000000,32424.000000,-1322.000000,Neutral
Gyro,4.690232,-9.637924,-10.927125,-7.158287,Neutral
Accel,4.704,-13649.000000,-31661.000000,988.000000,Neutral
Gyro,4.719992,-18.265532,-14.032906,-4.000282,Neutral
Accel,4.735539,-20858.000000,16967.000000,0.000000,Neutral
Gyro,4.735539,-37.589016,-18.673199,-4.446262,Neutral
Accel,4.751208,-26598.000000,7513.000000,-1503.000000,Neutral
Gyro,4.781206,-53.731701,-22.122347,0.621696,Neutral
Accel,4.796286,-26735.000000,9569.000000,781.000000,Neutral
Gyro,4.796286,-81.380600,-21.608437,6.349841,Neutral
Accel,4.803615,-27953.000000,-5436.000000,7853.000000,Neutral
Gyro,4.818513,-100.718979,-17.092627,14.508020,Neutral
Accel,4.83487,-29060.000000,-27522.000000,10296.000000,Neutral
Gyro,4.83487,-119.681290,-13.080375,19.951710,Neutral
Accel,4.872055,-29008.000000,-17625.000000,10138.000000,Neutral
Gyro,4.872055,-121.877373,-13.266127,20.834736,Neutral
Accel,4.886271,-27913.000000,-6384.000000,9005.000000,Neutral
Gyro,4.886271,-122.424530,-17.235392,15.519086,Neutral
Accel,4.903578,-26243.000000,-1726.000000,6913.000000,Neutral
Gyro,4.921684,-121.646996,-23.470507,8.336753,Crouch
Accel,4.95098,-25555.000000,-5431.000000,1357.000000,Crouch
Gyro,4.95098,-118.829178,-26.119896,6.635823,Crouch
Accel,4.95098,-25219.000000,-11285.000000,-344.000000,Crouch
Gyro,4.959562,-116.058495,-27.434860,8.555611,Crouch
Accel,4.984259,-25204.000000,-17923.000000,-1615.000000,Crouch
Gyro,4.984259,-110.549057,-27.495232,10.537750,Crouch
Accel,5.00329,-24944.000000,-16602.000000,-1853.000000,Crouch
Gyro,5.011132,-105.750374,-28.525507,10.358727,Crouch
Accel,5.04269,-24522.000000,-11524.000000,-1291.000000,Crouch
Gyro,5.04269,-96.319069,-30.219530,7.086563,Crouch
Accel,5.060303,-23849.000000,-8751.000000,-664.000000,Neutral
Gyro,5.060303,-89.398613,-32.982040,0.088149,Neutral
Accel,5.092165,-23673.000000,-3823.000000,92.000000,Neutral
Gyro,5.092165,-78.743095,-33.721226,-3.864378,Neutral
Accel,5.112129,-23804.000000,649.000000,583.000000,Neutral
Gyro,5.112129,-71.301781,-33.169392,-8.781505,Neutral
Accel,5.128459,-24047.000000,7597.000000,2491.000000,Neutral
Gyro,5.14476,-60.061249,-32.161629,-12.228715,Neutral
Accel,5.160917,-21824.000000,10252.000000,4194.000000,Neutral
Gyro,5.160917,-52.612755,-30.446436,-17.465759,Neutral
Accel,5.196916,-16973.000000,15259.000000,5571.000000,Neutral
Gyro,5.196916,-42.182529,-29.202158,-20.157499,Neutral
Accel,5.220733,-17976.000000,15098.000000,6475.000000,Neutral
Gyro,5.220733,-35.529305,-26.803080,-21.934816,Neutral
Accel,5.229123,-14949.000000,13895.000000,8446.000000,Neutral
Gyro,5.241977,-26.075233,-24.788034,-21.957165,Neutral
Accel,5.259084,-10571.000000,15198.000000,9798.000000,Neutral
Gyro,5.259084,-20.091478,-22.166492,-21.257542,Neutral
Accel,5.292359,-3867.000000,14084.000000,10641.000000,Neutral
Gyro,5.292359,-11.975526,-20.892824,-20.802097,Neutral
Accel,5.308376,-3170.000000,9624.000000,10255.000000,Neutral
Gyro,5.308376,-7.519763,-18.953447,-19.508238,Neutral
Accel,5.340919,-1905.000000,5842.000000,9833.000000,Neutral
Gyro,5.340919,-2.684114,-17.367195,-18.288401,Neutral
Accel,5.357434,-669.000000,5594.000000,9781.000000,Neutral
Gyro,5.357434,-0.284383,-15.029931,-16.958101,Neutral
Accel,5.407758,1840.000000,7693.000000,9974.000000,Neutral
Gyro,5.407758,2.949903,-13.938791,-16.565825,Neutral
Accel,5.407758,2783.000000,7431.000000,9355.000000,Neutral
Gyro,5.407758,4.536080,-12.928701,-15.933492,Neutral
Accel,5.435517,1064.000000,5943.000000,8782.000000,Neutral
Gyro,5.435517,5.270627,-12.460229,-15.226418,Neutral
Accel,5.452361,297.000000,6857.000000,8675.000000,Neutral
Gyro,5.469508,4.932233,-11.983463,-14.192085,Neutral
Accel,5.485938,431.000000,8173.000000,8620.000000,Neutral
Gyro,5.485938,4.895723,-12.068574,-13.527100,Neutral
Accel,5.50241,492.000000,6959.000000,9059.000000,Neutral
Gyro,5.519343,5.137039,-12.482685,-11.839192,Neutral
Accel,5.535814,2399.000000,4535.000000,9832.000000,Neutral
Gyro,5.535814,4.844674,-12.841635,-10.584276,Neutral
Accel,5.552223,2506.000000,3142.000000,10045.000000,Neutral
Gyro,5.568317,4.318533,-13.421500,-9.450508,Neutral
Accel,5.584712,1869.000000,1416.000000,9448.000000,Neutral
Gyro,5.584712,3.880865,-13.555623,-9.499550,Neutral
Accel,5.621182,2094.000000,385.000000,9715.000000,Neutral
Gyro,5.621182,3.771588,-13.413884,-10.155438,Neutral
Accel,5.636462,2740.000000,102.000000,10099.000000,Neutral
Gyro,5.636462,3.087022,-13.435696,-10.932246,Neutral
Accel,5.662997,3545.000000,-1587.000000,9531.000000,Neutral
Gyro,5.662997,2.566618,-13.669290,-11.956734,Neutral
Accel,5.679654,3501.000000,-5431.000000,7970.000000,Neutral
Gyro,5.696005,2.157562,-13.691572,-12.075761,Neutral
Accel,5.712461,3758.000000,-5966.000000,7867.000000,Neutral
Gyro,5.712461,1.992827,-13.480184,-12.218370,Neutral
Accel,5.72893,4554.000000,-3771.000000,7607.000000,Neutral
Gyro,5.744668,1.758913,-13.455077,-12.955737,Neutral
Accel,5.760973,5326.000000,-1500.000000,7256.000000,Neutral
Gyro,5.760973,1.661041,-13.311899,-14.326264,Neutral
Accel,5.793639,4829.000000,302.000000,6889.000000,Neutral
Gyro,5.793639,1.453657,-12.922071,-14.711119,Neutral
Accel,5.829998,3802.000000,958.000000,6527.000000,Neutral
Gyro,5.829998,1.067870,-12.029649,-14.332557,Neutral
Accel,5.829998,1542.000000,1839.000000,6259.000000,Neutral
Gyro,5.829998,0.128400,-11.472174,-13.674031,Neutral
Accel,5.854081,481.000000,1937.000000,6171.000000,Neutral
Gyro,5.861629,-0.479178,-10.903608,-12.672964,Neutral
Accel,5.892434,-461.000000,3548.000000,6583.000000,Neutral
Gyro,5.892434,-0.751490,-10.688073,-12.069636,Neutral
Accel,5.908739,-991.000000,4504.000000,7455.000000,Neutral
Gyro,5.908739,-0.623844,-10.353698,-11.210023,Neutral
Accel,5.941588,-1468.000000,5527.000000,8229.000000,Neutral
Gyro,5.941588,-0.384457,-10.123783,-10.668112,Neutral
Accel,5.957858,-1573.000000,4389.000000,8640.000000,Neutral
Gyro,5.957858,-0.275156,-9.729383,-9.465827,Neutral
Accel,5.990358,-894.000000,2013.000000,9491.000000,Neutral
Gyro,5.990358,-0.247596,-9.418770,-8.379915,Neutral
Accel,6.006853,507.000000,215.000000,10446.000000,Neutral
Gyro,6.006853,-0.210918,-8.866195,-6.829593,Neutral
Accel,6.041111,1946.000000,-4596.000000,11593.000000,Neutral
Gyro,6.041111,-0.243591,-8.305428,-6.203173,Neutral
Accel,6.056056,2090.000000,-7683.000000,11895.000000,Neutral
Gyro,6.056056,-0.819725,-7.113265,-6.287789,Neutral
Accel,6.083319,-128.000000,-11697.000000,11495.000000,Neutral
Gyro,6.083319,-2.044517,-6.291950,-6.999610,Neutral
Accel,6.101018,-778.000000,-11160.000000,11482.000000,Neutral
Gyro,6.117778,-2.558960,-5.477136,-7.991382,Neutral
Accel,6.134411,-1514.000000,-6953.000000,10601.000000,Neutral
Gyro,6.134411,-2.919413,-5.314646,-8.235518,Neutral
Accel,6.167138,-2580.000000,-4022.000000,9767.000000,Neutral
Gyro,6.167138,-3.036618,-5.413679,-7.999963,Neutral
Accel,6.183877,-3754.000000,622.000000,8512.000000,Neutral
Gyro,6.183877,-3.081259,-5.553627,-7.569974,Neutral
Accel,6.216128,-3998.000000,2684.000000,8039.000000,Neutral
Gyro,6.216128,-2.985407,-5.854677,-6.711381,Neutral
Accel,6.246558,-3852.000000,4465.000000,7246.000000,Neutral
Gyro,6.246558,-2.882525,-6.087875,-6.022369,Neutral
Accel,6.263737,-4025.000000,3885.000000,6800.000000,Neutral
Gyro,6.263737,-2.925566,-6.322592,-4.994906,Neutral
Accel,6.285582,-3211.000000,2578.000000,6281.000000,Neutral
Gyro,6.285582,-3.082635,-6.393023,-4.547132,Neutral
Accel,6.302376,-2701.000000,1451.000000,6233.000000,Neutral
Gyro,6.319051,-3.068461,-6.492100,-4.635772,Neutral
Accel,6.335417,-1808.000000,383.000000,7093.000000,Neutral
Gyro,6.335417,-2.915461,-6.503981,-5.278644,Neutral
Accel,6.351708,-1396.000000,-1420.000000,8177.000000,Neutral
Gyro,6.368031,-3.020093,-6.713184,-7.022425,Neutral
Accel,6.384326,-825.000000,-4903.000000,9110.000000,Neutral
Gyro,6.384326,-3.994947,-7.182835,-8.265616,Neutral
Accel,6.414635,-628.000000,-7964.000000,8875.000000,Neutral
Gyro,6.414635,-4.825019,-8.402711,-9.102511,Neutral
Accel,6.428999,-148.000000,-10011.000000,8536.000000,Neutral
Gyro,6.4567,-5.847405,-9.349179,-8.717736,Neutral
Accel,6.4567,613.000000,-8904.000000,8651.000000,Neutral
Gyro,6.4567,-6.345467,-10.729198,-8.017668,Neutral
Accel,6.479226,1806.000000,-5185.000000,8123.000000,Neutral
Gyro,6.50171,-6.795241,-11.479189,-7.906153,Neutral
Accel,6.50171,1976.000000,-3499.000000,7400.000000,Neutral
Gyro,6.518312,-6.966301,-12.038440,-7.827486,Neutral
Accel,6.535222,1455.000000,-1958.000000,6844.000000,Neutral
Gyro,6.535222,-7.228181,-11.997846,-7.717233,Neutral
Accel,6.551366,888.000000,-817.000000,6558.000000,Neutral
Gyro,6.567664,-7.345454,-11.578733,-7.765637,Neutral
Accel,6.58411,-252.000000,1415.000000,6668.000000,Neutral
Gyro,6.58411,-7.220193,-11.156087,-7.952735,Neutral
Accel,6.600737,-1075.000000,3002.000000,6633.000000,Neutral
Gyro,6.617014,-6.924624,-10.381348,-8.280914,Neutral
Accel,6.633359,-1637.000000,4366.000000,7509.000000,Neutral
Gyro,6.633359,-6.406738,-9.919008,-8.419394,Neutral
Accel,6.669308,-1956.000000,4269.000000,7900.000000,Neutral
Gyro,6.669308,-6.107312,-9.476586,-8.245942,Neutral
Accel,6.693806,-2347.000000,3229.000000,8745.000000,Neutral
Gyro,6.693806,-5.810362,-9.259235,-7.669528,Neutral
Accel,6.70249,-2556.000000,1889.000000,9594.000000,Neutral
Gyro,6.71617,-5.807197,-8.939040,-6.505399,Neutral
Accel,6.732771,-1731.000000,-887.000000,11187.000000,Neutral
Gyro,6.732771,-6.036901,-8.759516,-5.828241,Neutral
Accel,6.765529,-339.000000,-4012.000000,11952.000000,Neutral
Gyro,6.765529,-6.252992,-8.447586,-4.919791,Neutral
Accel,6.781995,-216.000000,-11682.000000,12442.000000,Neutral
Gyro,6.7984,-6.724900,-8.041040,-4.380719,Neutral
Accel,6.815162,-1235.000000,-14196.000000,12416.000000,Neutral
Gyro,6.815162,-7.315650,-7.036623,-4.740731,Neutral
Accel,6.83095,-2216.000000,-13199.000000,11637.000000,Neutral
Gyro,6.853167,-7.697142,-6.413348,-6.129261,Neutral
Accel,6.853167,-2438.000000,-9581.000000,10494.000000,Neutral
Gyro,6.889456,-7.592200,-5.716896,-8.291629,Neutral
Accel,6.889456,-3505.000000,-3467.000000,9034.000000,Neutral
Gyro,6.889456,-7.230465,-5.401746,-9.123916,Neutral
Accel,6.904406,-4002.000000,430.000000,8550.000000,Neutral
Gyro,6.904406,-6.949100,-5.181304,-9.319180,Neutral
Accel,6.935219,-4469.000000,3864.000000,7857.000000,Neutral
Gyro,6.935219,-6.642670,-5.296214,-8.909022,Neutral
Accel,6.968236,-4448.000000,4252.000000,7613.000000,Neutral
Gyro,6.968236,-6.560545,-5.792171,-7.886024,Neutral
Accel,6.984656,-3822.000000,4601.000000,7777.000000,Neutral
Gyro,6.984656,-6.633013,-6.255718,-7.221370,Neutral
Accel,7.017262,-3485.000000,3319.000000,7675.000000,Neutral
Gyro,7.017262,-6.635192,-7.001134,-6.530124,Neutral
Accel,7.033684,-2733.000000,1607.000000,7295.000000,Neutral
Gyro,7.033684,-6.580507,-7.388780,-6.323024,Neutral
Accel,7.053203,-2885.000000,1425.000000,6952.000000,Neutral
Gyro,7.073,-6.487609,-7.830133,-6.890697,Neutral
Accel,7.102742,-2544.000000,564.000000,7567.000000,Neutral
Gyro,7.102742,-6.421144,-8.054979,-7.875250,Neutral
Accel,7.102742,-1838.000000,-74.000000,7928.000000,Neutral
Gyro,7.12603,-6.670759,-8.675643,-9.632214,Neutral
Accel,7.133657,-2310.000000,305.000000,6009.000000,Neutral
Gyro,7.133657,-7.515337,-9.350637,-10.224947,Neutral
Accel,7.166034,-2623.000000,7862.000000,3421.000000,Neutral
Gyro,7.166034,-8.011619,-10.623400,-9.973650,Neutral
Accel,7.182669,-8699.000000,30480.000000,-1486.000000,Neutral
Gyro,7.182669,-8.535773,-11.492763,-9.329921,Neutral
Accel,7.216506,-18335.000000,-30734.000000,-3572.000000,Neutral
Gyro,7.216506,-9.617112,-13.536514,-7.341978,Neutral
Accel,7.231926,-14846.000000,-31426.000000,-2652.000000,Neutral
Gyro,7.231926,-19.825283,-16.179874,-4.898835,Neutral
Accel,7.264718,-19575.000000,24948.000000,-1901.000000,Neutral
Gyro,7.264718,-33.108120,-22.892328,-1.399116,Neutral
Accel,7.28139,-25669.000000,10761.000000,-3460.000000,Neutral
Gyro,7.313818,-59.120777,-25.674976,2.937002,Neutral
Accel,7.313818,-26062.000000,5316.000000,-2274.000000,Neutral
Gyro,7.313818,-78.071297,-24.162596,13.468933,Neutral
Accel,7.331924,-27290.000000,-18413.000000,757.000000,Neutral
Gyro,7.331924,-104.205330,-19.534517,20.175905,Neutral
Accel,7.368738,-29291.000000,25994.000000,4851.000000,Crouch
Gyro,7.368738,-116.705833,-12.250800,25.031965,Crouch
Accel,7.386725,-29057.000000,26576.000000,4308.000000,Crouch
Gyro,7.386725,-122.125534,-13.089978,22.834616,Crouch
Accel,7.403572,-27144.000000,-18441.000000,12980.000000,Crouch
Gyro,7.420367,-121.486641,-20.072748,14.925594,Crouch
Accel,7.436138,-26036.000000,-14546.000000,10163.000000,Crouch
Gyro,7.436138,-116.687065,-24.263710,10.161664,Crouch
Accel,7.452626,-24506.000000,-15583.000000,6735.000000,Crouch
Gyro,7.470157,-113.192543,-27.622883,9.004919,Neutral
Accel,7.498793,-25169.000000,-15367.000000,2216.000000,Neutral
Gyro,7.498793,-106.781853,-27.630585,9.981050,Neutral
Accel,7.520586,-25478.000000,-10476.000000,2823.000000,Neutral
Gyro,7.520586,-101.005806,-26.422674,8.476136,Neutral
Accel,7.537538,-25533.000000,81.000000,4178.000000,Neutral
Gyro,7.537538,-91.933563,-26.203541,4.098407,Neutral
Accel,7.560866,-25292.000000,4568.000000,5082.000000,Neutral
Gyro,7.560866,-86.448524,-27.148735,-4.201433,Neutral
Accel,7.593782,-25120.000000,5645.000000,6059.000000,Neutral
Gyro,7.593782,-79.315369,-27.827822,-7.955066,Neutral
Accel,7.61012,-23193.000000,6828.000000,6542.000000,Neutral
Gyro,7.61012,-75.261658,-28.311831,-9.739808,Neutral
Accel,7.642982,-20105.000000,6735.000000,7259.000000,Neutral
Gyro,7.642982,-69.506935,-28.450367,-9.258599,Neutral
Accel,7.659142,-18912.000000,5375.000000,8010.000000,Neutral
Gyro,7.659142,-65.727890,-28.795677,-8.151451,Neutral
Accel,7.691635,-14772.000000,5315.000000,9206.000000,Neutral
Gyro,7.691635,-60.242641,-29.252924,-7.855643,Neutral
Accel,7.70818,-11946.000000,6221.000000,10220.000000,Neutral
Gyro,7.70818,-56.461929,-30.429373,-8.015340,Neutral
Accel,7.74326,-8756.000000,7777.000000,10056.000000,Neutral
Gyro,7.74326,-50.291142,-31.024309,-8.484726,Neutral
Accel,7.755961,-7836.000000,6289.000000,9484.000000,Neutral
Gyro,7.755961,-45.948471,-30.965965,-9.381618,Neutral
Accel,7.783251,-4415.000000,7875.000000,9145.000000,Neutral
Gyro,7.783251,-39.831123,-30.384346,-9.806680,Neutral
Accel,7.815642,-4024.000000,7710.000000,9041.000000,Neutral
Gyro,7.815642,-36.087925,-29.237288,-10.521025,Neutral
Accel,7.831227,-4168.000000,6123.000000,9457.000000,Neutral
Gyro,7.831227,-31.716198,-28.405767,-11.023384,Neutral
Accel,7.853256,-3842.000000,3902.000000,10036.000000,Neutral
Gyro,7.869247,-29.954411,-27.408728,-11.662663,Neutral
Accel,7.885844,-1480.000000,825.000000,10015.000000,Neutral
Gyro,7.885844,-28.002171,-27.131010,-11.526139,Neutral
Accel,7.902599,-1851.000000,-2726.000000,9193.000000,Neutral
Gyro,7.918772,-26.586096,-27.056498,-10.564572,Neutral
Accel,7.955024,-1979.000000,-5272.000000,8375.000000,Neutral
Gyro,7.955024,-24.816271,-26.825115,-9.917313,Neutral
Accel,7.955024,-1009.000000,-4916.000000,8443.000000,Neutral
Gyro,7.955024,-23.750668,-26.323309,-9.864640,Neutral
Accel,7.998994,1478.000000,-3507.000000,8509.000000,Neutral
Gyro,7.998994,-22.232306,-26.042063,-10.388730,Neutral
Accel,8.016542,2647.000000,-2451.000000,8901.000000,Neutral
Gyro,8.016542,-21.331173,-25.681219,-11.180419,Neutral
Accel,8.033259,1763.000000,-1697.000000,8563.000000,Neutral
Gyro,8.033259,-20.503597,-25.206995,-11.290440,Neutral
Accel,8.066369,1347.000000,-2097.000000,8157.000000,Neutral
Gyro,8.066369,-20.233383,-24.101782,-10.856312,Neutral
Accel,8.082574,445.000000,-762.000000,8450.000000,Neutral
Gyro,8.082574,-20.053089,-23.373400,-10.534244,Neutral
Accel,8.116233,513.000000,1537.000000,8579.000000,Neutral
Gyro,8.116233,-19.609686,-22.530880,-10.599386,Neutral
Accel,8.131464,83.000000,4432.000000,8998.000000,Neutral
Gyro,8.131464,-18.432079,-21.917532,-10.739379,Neutral
Accel,8.167403,-471.000000,5439.000000,9293.000000,Neutral
Gyro,8.167403,-17.655416,-20.640955,-10.642305,Neutral
Accel,8.190851,-209.000000,4909.000000,9612.000000,Neutral
Gyro,8.190851,-16.879658,-19.708256,-10.315243,Neutral
Accel,8.213431,-632.000000,3112.000000,9924.000000,Neutral
Gyro,8.213431,-16.606285,-18.326385,-9.440757,Neutral
Accel,8.230772,-1838.000000,-2016.000000,10733.000000,Neutral
Gyro,8.230772,-16.647278,-17.358246,-8.706822,Neutral
Accel,8.264046,-2164.000000,-5286.000000,10960.000000,Neutral
Gyro,8.264046,-17.082449,-16.023752,-7.912599,Neutral
Accel,8.27948,-3021.000000,-8584.000000,11100.000000,Neutral
Gyro,8.295682,-17.749737,-15.261854,-7.676428,Neutral
Accel,8.311911,-3086.000000,-9118.000000,11024.000000,Neutral
Gyro,8.311911,-17.765011,-13.827355,-7.264013,Neutral
Accel,8.328199,-2552.000000,-7527.000000,11170.000000,Neutral
Gyro,8.344564,-17.017023,-12.639466,-7.130405,Neutral
Accel,8.38046,-2911.000000,-5473.000000,11193.000000,Neutral
Gyro,8.38046,-16.364065,-10.794751,-7.722126,Neutral
Accel,8.38046,-3225.000000,-5738.000000,10438.000000,Neutral
Gyro,8.38046,-15.792212,-9.671886,-8.442044,Neutral
Accel,8.41108,-5096.000000,-5232.000000,9685.000000,Neutral
Gyro,8.42704,-16.056026,-8.272109,-9.311318,Neutral
Accel,8.444036,-6619.000000,-4604.000000,9039.000000,Neutral
Gyro,8.444036,-17.051062,-7.725993,-9.763770,Neutral
Accel,8.46037,-5888.000000,-3495.000000,8631.000000,Neutral
Gyro,8.46037,-17.522419,-7.940722,-9.730076,Neutral
Accel,8.49304,-5305.000000,-595.000000,8426.000000,Neutral
Gyro,8.49304,-17.655106,-8.610170,-9.153098,Neutral
Accel,8.51022,-4877.000000,1117.000000,8027.000000,Neutral
Gyro,8.51022,-17.556040,-9.671754,-8.150430,Neutral
Accel,8.54267,-4826.000000,2780.000000,7636.000000,Neutral
Gyro,8.54267,-17.393351,-10.224452,-7.744955,Neutral
Accel,8.558968,-4221.000000,2779.000000,7147.000000,Neutral
Gyro,8.558968,-17.164703,-10.737447,-7.487463,Neutral
Accel,8.59502,-3214.000000,1852.000000,7019.000000,Neutral
Gyro,8.59502,-16.790211,-10.905070,-7.458642,Neutral
Accel,8.618812,-2837.000000,327.000000,7558.000000,Neutral
Gyro,8.618812,-16.686623,-11.171910,-7.914905,Neutral
Accel,8.64163,-3406.000000,-3351.000000,7918.000000,Neutral
Gyro,8.64163,-16.945063,-11.510292,-8.680523,Neutral
Accel,8.661716,-3786.000000,-5502.000000,8426.000000,Neutral
Gyro,8.661716,-17.436335,-12.419332,-10.455784,Neutral
Accel,8.692516,-2944.000000,-7241.000000,8453.000000,Neutral
Gyro,8.692516,-17.830435,-13.308126,-11.640364,Neutral
Accel,8.708615,-2020.000000,-6828.000000,8588.000000,Neutral
Gyro,8.708615,-17.545723,-14.752007,-12.473450,Neutral
Accel,8.729053,-1159.000000,-5380.000000,9233.000000,Neutral
Gyro,8.741427,-17.182667,-15.530863,-12.475438,Neutral
Accel,8.759377,-360.000000,-4413.000000,9543.000000,Neutral
Gyro,8.759377,-17.220201,-16.589567,-12.410876,Neutral
Accel,8.793977,120.000000,-4754.000000,9144.000000,Neutral
Gyro,8.793977,-17.600250,-17.214279,-12.261675,Neutral
Accel,8.818115,436.000000,-4511.000000,8256.000000,Neutral
Gyro,8.818115,-17.959145,-17.705246,-11.689548,Neutral
Accel,8.837475,-361.000000,-1570.000000,7217.000000,Neutral
Gyro,8.837475,-18.289040,-17.620848,-11.405114,Neutral
Accel,8.856052,-862.000000,1273.000000,7146.000000,Neutral
Gyro,8.856052,-18.278885,-16.962004,-11.429263,Neutral
Accel,8.879107,-1238.000000,5027.000000,7134.000000,Neutral
Gyro,8.895942,-18.038137,-16.387094,-11.499784,Neutral
Accel,8.912396,-1517.000000,6179.000000,7312.000000,Neutral
Gyro,8.912396,-17.896339,-15.545472,-11.294084,Neutral
Accel,8.928641,-2059.000000,5469.000000,7647.000000,Neutral
Gyro,8.94494,-17.914736,-15.053112,-10.842037,Neutral
Accel,8.961172,-2338.000000,3628.000000,8226.000000,Neutral
Gyro,8.961172,-18.059134,-14.384912,-9.784314,Neutral
Accel,8.996774,-2376.000000,490.000000,9311.000000,Neutral
Gyro,8.996774,-18.386923,-13.984597,-9.041512,Neutral
Accel,9.020618,-2223.000000,-2524.000000,10312.000000,Neutral
Gyro,9.020618,-18.635443,-13.362084,-8.221943,Neutral
Accel,9.029564,-1961.000000,-7181.000000,11356.000000,Neutral
Gyro,9.042871,-18.741838,-12.831556,-7.974704,Neutral
Accel,9.060856,-2308.000000,-10962.000000,11786.000000,Neutral
Gyro,9.060856,-18.752935,-11.747176,-8.120307,Neutral
Accel,9.093851,-3966.000000,-13378.000000,11992.000000,Neutral
Gyro,9.093851,-19.004360,-11.025502,-8.695590,Neutral
Accel,9.110355,-5265.000000,-11844.000000,11805.000000,Neutral
Gyro,9.110355,-19.012077,-10.020988,-9.936358,Neutral
Accel,9.143305,-5185.000000,-8277.000000,11050.000000,Neutral
Gyro,9.143305,-18.558754,-9.451999,-10.420784,Neutral
Accel,9.159252,-5196.000000,-4696.000000,10154.000000,Neutral
Gyro,9.159252,-18.170361,-8.953346,-10.617871,Neutral
Accel,9.211548,-5866.000000,601.000000,9530.000000,Neutral
Gyro,9.211548,-17.743032,-8.848070,-10.750031,Neutral
Accel,9.211548,-5658.000000,2810.000000,9271.000000,Neutral
Gyro,9.211548,-17.687155,-9.008023,-10.672421,Neutral
Accel,9.235258,-4979.000000,4137.000000,9103.000000,Neutral
Gyro,9.235258,-17.992043,-9.409225,-10.139113,Neutral
Accel,9.25804,-4829.000000,3736.000000,8788.000000,Neutral
Gyro,9.25804,-18.328823,-10.246064,-8.756881,Neutral
Accel,9.291379,-4589.000000,3243.000000,8696.000000,Neutral
Gyro,9.291379,-18.868237,-10.772280,-7.762174,Neutral
Accel,9.307875,-4460.000000,2659.000000,8691.000000,Neutral
Gyro,9.307875,-19.184160,-11.361364,-6.735446,Neutral
Accel,9.340595,-3617.000000,1746.000000,8417.000000,Neutral
Gyro,9.340595,-19.353397,-11.613422,-6.526736,Neutral
Accel,9.356874,-2930.000000,1232.000000,8683.000000,Neutral
Gyro,9.356874,-19.509270,-11.876923,-6.887532,Neutral
Accel,9.389466,-3946.000000,-4028.000000,9356.000000,Neutral
Gyro,9.389466,-20.398386,-12.084753,-7.539706,Neutral
Accel,9.423816,-5173.000000,-9379.000000,10076.000000,Neutral
Gyro,9.423816,-21.646744,-12.658923,-8.599957,Neutral
Accel,9.438789,-4863.000000,-12705.000000,10459.000000,Neutral
Gyro,9.438789,-23.375814,-13.505301,-9.255341,Neutral
Accel,9.466014,-3965.000000,-11447.000000,10255.000000,Neutral
Gyro,9.466014,-23.703094,-15.223778,-9.836662,Neutral
Accel,9.4838,-3910.000000,-7902.000000,9430.000000,Neutral
Gyro,9.4838,-23.518042,-16.096094,-9.817638,Neutral
Accel,9.517463,-3204.000000,-4988.000000,9076.000000,Neutral
Gyro,9.517463,-23.349585,-16.920565,-9.556209,Neutral
Accel,9.533716,-2159.000000,-1433.000000,8151.000000,Neutral
Gyro,9.533716,-23.239025,-17.347847,-9.328156,Neutral
Accel,9.566477,-2397.000000,-290.000000,7531.000000,Neutral
Gyro,9.566477,-23.345215,-17.565887,-8.546563,Neutral
Accel,9.583116,-2215.000000,792.000000,6543.000000,Neutral
Gyro,9.583116,-23.714329,-17.310188,-7.867956,Neutral
Accel,9.633585,-2007.000000,1344.000000,6325.000000,Neutral
Gyro,9.633585,-23.973219,-16.534222,-7.134894,Neutral
Accel,9.633585,-1764.000000,1219.000000,6632.000000,Neutral
Gyro,9.633585,-24.428764,-15.918487,-6.997297,Neutral
Accel,9.654588,-2210.000000,-4.000000,6724.000000,Neutral
Gyro,9.667754,-24.756350,-15.034292,-7.047359,Neutral
Accel,9.685586,-2061.000000,-1744.000000,7742.000000,Neutral
Gyro,9.685586,-25.374598,-14.502664,-7.039795,Neutral
Accel,9.702231,-2283.000000,-4388.000000,8481.000000,Neutral
Gyro,9.719054,-25.697784,-13.918586,-6.786103,Neutral
Accel,9.736145,-3589.000000,-10265.000000,10020.000000,Neutral
Gyro,9.736145,-26.299383,-13.565554,-6.448524,Neutral
Accel,9.751959,-4304.000000,-11991.000000,10635.000000,Neutral
Gyro,9.768237,-26.628973,-13.165172,-6.372540,Neutral
Accel,9.784814,-4529.000000,-10414.000000,10929.000000,Neutral
Gyro,9.784814,-26.379021,-12.996364,-6.922425,Neutral
Accel,9.80711,-5359.000000,-7004.000000,10437.000000,Neutral
Gyro,9.80711,-25.789192,-12.401887,-8.206327,Neutral
Accel,9.833318,-5450.000000,-2065.000000,9149.000000,Neutral
Gyro,9.833318,-24.502632,-11.617303,-8.987694,Neutral
Accel,9.892399,-5890.000000,784.000000,8528.000000,Neutral
Gyro,9.892399,-23.529367,-10.221689,-9.873394,Neutral
Accel,9.892399,-5837.000000,2548.000000,8116.000000,Neutral
Gyro,9.892399,-22.307343,-9.245994,-10.289877,Neutral
Accel,9.904303,-5826.000000,2885.000000,8027.000000,Neutral
Gyro,9.904303,-21.773594,-7.933276,-10.705199,Neutral
Accel,9.932763,-5897.000000,1761.000000,8381.000000,Neutral
Gyro,9.932763,-21.389082,-7.226368,-10.901021,Neutral
Accel,9.964767,-6107.000000,509.000000,8915.000000,Neutral
Gyro,9.964767,-21.426104,-6.483781,-11.121539,Neutral
Accel,9.980841,-6506.000000,-2239.000000,9318.000000,Neutral
Gyro,9.99693,-21.789177,-6.279048,-11.204556,Neutral
Accel,10.01138,-6608.000000,-3733.000000,9820.000000,Neutral
Gyro,10.01138,-22.083084,-6.425806,-11.065580,Neutral
Accel,10.0393,-6624.000000,-4851.000000,9981.000000,Neutral
Gyro,10.0393,-22.554794,-6.814590,-10.764157,Neutral
Accel,10.05431,-5782.000000,-4744.000000,9773.000000,Neutral
Gyro,10.06235,-22.948858,-7.857348,-9.323830,Neutral
Accel,10.08605,-5933.000000,-3916.000000,9852.000000,Neutral
Gyro,10.08605,-23.145298,-8.827079,-8.150043,Neutral
Accel,10.11783,-4713.000000,-3400.000000,9710.000000,Neutral
Gyro,10.11783,-23.143270,-10.027493,-6.717881,Neutral
Accel,10.13456,-4282.000000,-2434.000000,9112.000000,Neutral
Gyro,10.13456,-23.020792,-10.554742,-5.950427,Neutral
Accel,10.16686,-3236.000000,-2159.000000,9867.000000,Neutral
Gyro,10.16686,-22.925894,-10.779306,-5.377747,Neutral
Accel,10.18342,-3869.000000,-3324.000000,8405.000000,Neutral
Gyro,10.18342,-22.852226,-10.495217,-5.255576,Neutral
Accel,10.20228,-3773.000000,-3130.000000,8033.000000,Neutral
Gyro,10.21732,-22.820166,-9.474534,-5.394290,Neutral
Accel,10.25196,-3551.000000,-3944.000000,8045.000000,Neutral
Gyro,10.25196,-22.918232,-8.872374,-5.743675,Neutral
Accel,10.25196,-4133.000000,-4200.000000,8242.000000,Neutral
Gyro,10.27566,-23.036497,-8.241188,-6.449518,Neutral
Accel,10.28325,-4751.000000,-5110.000000,8825.000000,Neutral
Gyro,10.28325,-23.175228,-7.980158,-6.814612,Neutral
Accel,10.31441,-4805.000000,-3777.000000,9443.000000,Neutral
Gyro,10.31441,-23.106552,-7.854979,-7.102727,Neutral
Accel,10.33083,-4865.000000,-1935.000000,9905.000000,Neutral
Gyro,10.33083,-22.876663,-7.894629,-7.408760,Neutral
Accel,10.3638,-4725.000000,-1974.000000,10203.000000,Neutral
Gyro,10.3638,-22.692446,-8.059283,-7.737743,Neutral
Accel,10.38007,-5394.000000,-1014.000000,10340.000000,Neutral
Gyro,10.39638,-22.615566,-8.315805,-7.831892,Neutral
Accel,10.41267,-4801.000000,-2336.000000,10913.000000,Neutral
Gyro,10.41267,-22.622980,-8.772743,-7.972573,Neutral
Accel,10.42828,-4834.000000,-3399.000000,10722.000000,Neutral
Gyro,10.46271,-22.924713,-9.082166,-7.889450,Neutral
Accel,10.46271,-4963.000000,-3065.000000,9461.000000,Neutral
Gyro,10.46271,-23.323267,-9.259807,-7.837426,Neutral
Accel,10.48595,-4613.000000,-3593.000000,8649.000000,Neutral
Gyro,10.48595,-24.000530,-9.275320,-7.742557,Neutral
Accel,10.50233,-5344.000000,-4604.000000,8252.000000,Neutral
Gyro,10.51974,-24.333673,-9.448688,-7.294791,Neutral
Accel,10.53651,-4759.000000,-4028.000000,7968.000000,Neutral
Gyro,10.53651,-24.667486,-9.538826,-7.116509,Neutral
Accel,10.55291,-4835.000000,-3546.000000,7994.000000,Neutral
Gyro,10.56826,-24.737907,-9.749319,-7.326712,Neutral
Accel,10.58449,-4646.000000,-2500.000000,7625.000000,Neutral
Gyro,10.58449,-24.864105,-9.868513,-7.501827,Neutral
Accel,10.60093,-4506.000000,-2355.000000,7599.000000,Neutral
Gyro,10.61671,-25.022345,-10.167580,-7.877606,Neutral
Accel,10.63322,-4775.000000,-3601.000000,7999.000000,Neutral
Gyro,10.63322,-25.237446,-10.461714,-8.179214,Neutral
Accel,10.66993,-4783.000000,-3084.000000,8493.000000,Neutral
Gyro,10.66993,-25.346693,-11.008204,-8.582059,Neutral
Accel,10.69392,-4453.000000,-2859.000000,8888.000000,Neutral
Gyro,10.69392,-25.571081,-11.467094,-8.915963,Neutral
Accel,10.70232,-4424.000000,-2387.000000,9305.000000,Neutral
Gyro,10.71581,-25.730249,-12.320077,-9.226685,Neutral
Accel,10.73364,-4254.000000,-2425.000000,9686.000000,Neutral
Gyro,10.73364,-25.954418,-12.986428,-9.308966,Neutral
Accel,10.76658,-3709.000000,-2332.000000,9932.000000,Neutral
Gyro,10.76658,-26.001064,-14.092949,-9.270534,Neutral
Accel,10.78308,-3611.000000,-2510.000000,10244.000000,Neutral
Gyro,10.78308,-25.979170,-14.805458,-9.220638,Neutral
Accel,10.81582,-3027.000000,-2685.000000,10339.000000,Neutral
Gyro,10.81582,-25.955812,-15.819862,-9.062707,Neutral
Accel,10.83227,-2446.000000,-3401.000000,10674.000000,Neutral
Gyro,10.83227,-25.798964,-16.522537,-8.888608,Neutral
Accel,10.88979,-1997.000000,-3864.000000,10857.000000,Neutral
Gyro,10.88979,-25.615456,-17.523560,-8.575540,Neutral
Accel,10.88979,-1611.000000,-4386.000000,11457.000000,Neutral
Gyro,10.88979,-25.101145,-18.042309,-8.438119,Neutral
Accel,10.90487,-1635.000000,-3277.000000,11799.000000,Neutral
Gyro,10.90487,-24.686796,-18.352921,-8.581605,Neutral
Accel,10.9335,-1128.000000,-1451.000000,11739.000000,Neutral
Gyro,10.9335,-24.023544,-18.253473,-9.070358,Neutral
Accel,10.95131,-1552.000000,-2111.000000,11400.000000,Neutral
Gyro,10.96835,-23.700779,-17.659170,-9.709181,Neutral
Accel,10.98484,-1961.000000,-1815.000000,10640.000000,Neutral
Gyro,10.98484,-23.503204,-17.043541,-9.631557,Neutral
Accel,11.01731,-3297.000000,-3522.000000,10164.000000,Neutral
Gyro,11.01731,-23.468407,-16.077574,-9.506230,Neutral
Accel,11.03358,-3041.000000,-1963.000000,9369.000000,Neutral
Gyro,11.03358,-23.654860,-15.434130,-9.780039,Neutral
Accel,11.08588,-3072.000000,869.000000,8277.000000,Neutral
Gyro,11.08588,-24.225456,-14.866606,-11.885911,Neutral
Accel,11.08588,-3429.000000,47.000000,7567.000000,Neutral
Gyro,11.08588,-25.953115,-14.819076,-13.621180,Neutral
Accel,11.10967,-2892.000000,-1045.000000,8543.000000,Neutral
Gyro,11.10967,-27.554293,-15.365211,-15.098166,Neutral
Accel,11.13183,-5119.000000,-2743.000000,8094.000000,Neutral
Gyro,11.13183,-29.693256,-15.894068,-15.740669,Neutral
Accel,11.16598,-2748.000000,-1431.000000,9257.000000,Neutral
Gyro,11.16598,-31.064337,-16.298481,-17.353565,Neutral
Accel,11.18253,-4589.000000,508.000000,9174.000000,Neutral
Gyro,11.18253,-32.820278,-16.607878,-19.013208,Neutral
Accel,11.21516,-5305.000000,407.000000,8093.000000,Neutral
Gyro,11.21516,-33.849236,-16.219318,-21.100044,Neutral
Accel,11.23145,-5669.000000,-820.000000,5655.000000,Neutral
Gyro,11.23145,-34.961632,-15.539021,-21.909554,Neutral
Accel,11.26426,-5301.000000,4.000000,4624.000000,Neutral
Gyro,11.26426,-35.321804,-14.149045,-22.715645,Neutral
Accel,11.30024,-5993.000000,1417.000000,3489.000000,Neutral
Gyro,11.30024,-35.110130,-13.162869,-23.211449,Neutral
Accel,11.30024,-6157.000000,2470.000000,3167.000000,Neutral
Gyro,11.31976,-34.848232,-11.522450,-23.279980,Neutral
Accel,11.33798,-6359.000000,1553.000000,3594.000000,Neutral
Gyro,11.33798,-34.829582,-10.580503,-22.678925,Neutral
Accel,11.35783,-6333.000000,81.000000,4141.000000,Neutral
Gyro,11.35783,-35.007336,-9.544911,-20.830137,Neutral
Accel,11.39089,-6651.000000,-1956.000000,5492.000000,Neutral
Gyro,11.39089,-35.227730,-9.061312,-19.288479,Neutral
Accel,11.41877,-7481.000000,-2624.000000,6086.000000,Neutral
Gyro,11.41877,-35.188000,-8.412563,-17.277697,Neutral
Accel,11.44124,-7647.000000,-2157.000000,7235.000000,Neutral
Gyro,11.44124,-34.860992,-7.967752,-16.442806,Neutral
Accel,11.46183,-6913.000000,-1201.000000,8151.000000,Neutral
Gyro,11.46183,-34.558575,-7.414552,-15.907430,Neutral
Accel,11.50289,-8044.000000,-1833.000000,8157.000000,Neutral
Gyro,11.50289,-34.120598,-7.094761,-15.763109,Neutral
Accel,11.50289,-8410.000000,-2322.000000,7550.000000,Neutral
Gyro,11.52796,-33.782585,-6.306109,-14.988361,Neutral
Accel,11.53609,-7958.000000,-1701.000000,7386.000000,Neutral
Gyro,11.53609,-33.060608,-5.864328,-14.493881,Neutral
Accel,11.56578,-7705.000000,-1010.000000,6901.000000,Neutral
Gyro,11.56578,-32.526260,-5.521012,-14.307907,Neutral
Accel,11.5823,-7836.000000,-547.000000,6153.000000,Neutral
Gyro,11.5823,-31.811625,-5.336111,-14.270126,Neutral
Accel,11.61579,-7802.000000,-1133.000000,5983.000000,Neutral
Gyro,11.61579,-31.498329,-5.033513,-13.979609,Neutral
Accel,11.63188,-7630.000000,-1090.000000,5794.000000,Neutral
Gyro,11.63188,-31.074076,-4.852159,-13.738740,Neutral
Accel,11.66476,-7600.000000,-1261.000000,5733.000000,Neutral
Gyro,11.66476,-30.786903,-4.543972,-13.650340,Neutral
Accel,11.68061,-7787.000000,-725.000000,5565.000000,Neutral
Gyro,11.68061,-30.484335,-4.264976,-13.727514,Neutral
Accel,11.71655,-7443.000000,-552.000000,5652.000000,Neutral
Gyro,11.71655,-30.355734,-3.864595,-14.091928,Neutral
Accel,11.74032,-8005.000000,1074.000000,5526.000000,Neutral
Gyro,11.74032,-30.186932,-3.663514,-14.350508,Neutral
Accel,11.7624,-7114.000000,-796.000000,5914.000000,Neutral
Gyro,11.7624,-30.150402,-3.359073,-14.461384,Neutral
Accel,11.7798,-7426.000000,-1607.000000,5876.000000,Neutral
Gyro,11.79562,-30.220631,-3.159905,-14.191815,Neutral
Accel,11.81232,-7421.000000,-1691.000000,5906.000000,Neutral
Gyro,11.81232,-30.378443,-2.808484,-13.709643,Neutral
Accel,11.82882,-7451.000000,-1701.000000,5929.000000,Neutral
Gyro,11.84493,-30.615866,-2.661999,-13.392737,Neutral
Accel,11.8671,-6998.000000,-1156.000000,5975.000000,Neutral
Gyro,11.8671,-30.677814,-2.609820,-13.102443,Neutral
Accel,11.88267,-7066.000000,-1786.000000,5868.000000,Neutral
Gyro,11.88267,-30.810213,-2.664342,-13.014113,Neutral
Accel,11.91967,-7376.000000,-2513.000000,6109.000000,Neutral
Gyro,11.91967,-30.949854,-2.732675,-12.718773,Neutral
Accel,11.94326,-7515.000000,-2493.000000,6062.000000,Neutral
Gyro,11.94326,-31.109434,-2.779777,-12.472723,Neutral
Accel,11.95212,-7247.000000,-2237.000000,6348.000000,Neutral
Gyro,11.96533,-31.197620,-2.869600,-12.295053,Neutral
Accel,11.98304,-7355.000000,-1691.000000,6283.000000,Neutral
Gyro,11.98304,-31.304863,-2.968172,-12.304919,Neutral
Accel,12.01621,-7320.000000,-1590.000000,6237.000000,Neutral
Gyro,12.01621,-31.379787,-3.085157,-12.345865,Neutral
Accel,12.03251,-7508.000000,-1949.000000,6115.000000,Neutral
Gyro,12.03251,-31.536057,-3.169727,-12.285958,Neutral
Accel,12.0652,-7254.000000,-1818.000000,6293.000000,Neutral
Gyro,12.0652,-31.663746,-3.400739,-12.104380,Neutral
Accel,12.08149,-7088.000000,-2130.000000,6129.000000,Neutral
Gyro,12.08149,-31.843786,-3.643510,-12.050598,Neutral
Accel,12.13402,-7204.000000,-1539.000000,6071.000000,Neutral
Gyro,12.13402,-31.931425,-3.952351,-12.007575,Neutral
Accel,12.13402,-6899.000000,-1954.000000,6159.000000,Neutral
Gyro,12.13402,-32.067539,-4.180452,-11.994787,Neutral
Accel,12.15762,-6622.000000,-1987.000000,6144.000000,Neutral
Gyro,12.15762,-32.164139,-4.627547,-11.926974,Neutral
Accel,12.19726,-6718.000000,-2911.000000,6415.000000,Neutral
Gyro,12.19726,-32.270767,-4.894681,-11.822230,Neutral
Accel,12.21394,-6644.000000,-2978.000000,6299.000000,Neutral
Gyro,12.21394,-32.262291,-5.179969,-11.601531,Neutral
Accel,12.23042,-5694.000000,-3594.000000,6582.000000,Neutral
Gyro,12.24662,-32.067444,-5.341984,-11.571671,Neutral
Accel,12.26296,-2956.000000,5594.000000,10707.000000,Neutral
Gyro,12.26296,-31.893377,-5.610229,-11.713454,Neutral
Accel,12.27904,-7063.000000,-2610.000000,4753.000000,Neutral
Gyro,12.29465,-31.909935,-5.698248,-11.641707,Neutral
Accel,12.31113,-6618.000000,-2769.000000,6219.000000,Neutral
Gyro,12.31113,-31.926464,-5.006378,-10.580254,Neutral
Accel,12.34725,-6378.000000,-1329.000000,6324.000000,Neutral
Gyro,12.34725,-31.909458,-5.218266,-10.689857,Neutral
Accel,12.3731,-6716.000000,-1362.000000,5925.000000,Neutral
Gyro,12.3731,-31.941402,-5.594430,-10.937883,Neutral
Accel,12.3731,-6882.000000,-1747.000000,5840.000000,Neutral
Gyro,12.39385,-32.072945,-5.799466,-10.815244,Neutral
Accel,12.40195,-6810.000000,-1781.000000,6136.000000,Neutral
Gyro,12.4139,-32.233776,-6.349281,-10.735114,Neutral
Accel,12.43236,-7243.000000,-2927.000000,5962.000000,Neutral
Gyro,12.43236,-32.563602,-6.865981,-10.779860,Neutral
Accel,12.46451,-7392.000000,-3274.000000,5848.000000,Neutral
Gyro,12.46451,-32.744137,-7.892421,-11.069532,Neutral
Accel,12.48094,-6290.000000,-1350.000000,6239.000000,Neutral
Gyro,12.48094,-32.896839,-8.952398,-11.820896,Neutral
Accel,12.50426,-5159.000000,1328.000000,6779.000000,Neutral
Gyro,12.50426,-33.066326,-11.182059,-13.963578,Neutral
Accel,12.55088,-4864.000000,1255.000000,6750.000000,Neutral
Gyro,12.55088,-33.754139,-12.806275,-15.403441,Neutral
Accel,12.55088,-3745.000000,-1418.000000,7020.000000,Neutral
Gyro,12.57504,-34.472614,-15.008901,-16.429047,Neutral
Accel,12.58276,-4024.000000,-3138.000000,6622.000000,Neutral
Gyro,12.58276,-35.224854,-16.433865,-16.396723,Neutral
Accel,12.61327,-2819.000000,-2297.000000,6731.000000,Neutral
Gyro,12.61327,-35.463627,-18.417696,-16.336336,Neutral
Accel,12.64113,-1968.000000,-725.000000,6050.000000,Neutral
Gyro,12.64113,-35.934731,-19.889923,-16.604296,Neutral
Accel,12.65672,-1746.000000,851.000000,5479.000000,Neutral
Gyro,12.65672,-36.493874,-22.068001,-16.742464,Neutral
Accel,12.68968,-338.000000,-49.000000,6056.000000,Neutral
Gyro,12.68968,-37.762604,-23.571489,-16.227726,Neutral
Accel,12.70621,-203.000000,-1058.000000,6637.000000,Neutral
Gyro,12.70621,-38.690243,-25.988077,-14.687567,Neutral
Accel,12.75296,-953.000000,-2760.000000,7902.000000,Neutral
Gyro,12.75296,-39.914150,-27.364973,-13.379755,Neutral
Accel,12.75296,-1065.000000,-4129.000000,8677.000000,Neutral
Gyro,12.77084,-40.513958,-29.017099,-11.658746,Neutral
Accel,12.77871,-2105.000000,-4865.000000,10700.000000,Neutral
Gyro,12.79155,-41.163082,-29.970785,-10.954875,Neutral
Accel,12.82695,-777.000000,-4722.000000,10695.000000,Neutral
Gyro,12.82695,-41.523472,-31.149715,-10.786229,Neutral
Accel,12.83704,-761.000000,-3415.000000,10339.000000,Neutral
Gyro,12.83704,-41.786716,-31.746754,-11.334299,Neutral
Accel,12.86906,-626.000000,-2832.000000,10746.000000,Neutral
Gyro,12.86906,-41.757580,-32.180489,-12.575142,Neutral
Accel,12.90213,-1456.000000,-2067.000000,9764.000000,Neutral
Gyro,12.90213,-41.651196,-32.138611,-13.617843,Neutral
Accel,12.90213,-996.000000,-502.000000,9367.000000,Neutral
Gyro,12.91284,-41.580788,-31.708101,-15.701278,Neutral
Accel,12.93789,-1083.000000,1167.000000,7053.000000,Neutral
Gyro,12.93789,-41.541580,-31.338261,-17.317598,Neutral
Accel,12.95965,-911.000000,508.000000,7673.000000,Neutral
Gyro,12.95965,-41.694244,-30.751261,-19.192066,Neutral
Accel,12.98739,-1605.000000,-714.000000,6619.000000,Neutral
Gyro,12.98739,-41.880604,-30.415977,-19.533649,Neutral
Accel,13.00343,-904.000000,-1774.000000,5966.000000,Neutral
Gyro,13.02257,-42.061649,-29.474321,-19.101917,Neutral
Accel,13.05504,-446.000000,-2073.000000,7516.000000,Neutral
Gyro,13.05504,-42.314323,-28.697813,-18.829836,Neutral
Accel,13.05504,-2136.000000,610.000000,6301.000000,Neutral
Gyro,13.05504,-42.461697,-26.966473,-19.793058,Neutral
Accel,13.1078,-2837.000000,571.000000,5198.000000,Neutral
Gyro,13.1078,-43.200684,-25.367130,-20.968525,Neutral
Accel,13.1078,-3722.000000,749.000000,4730.000000,Neutral
Gyro,13.1078,-43.705841,-23.549238,-22.303499,Neutral
Accel,13.14319,-3947.000000,1499.000000,4039.000000,Neutral
Gyro,13.14319,-44.644943,-22.686853,-22.735016,Neutral
Accel,13.18014,-4460.000000,1003.000000,3313.000000,Neutral
Gyro,13.18014,-45.479847,-21.775143,-22.512228,Neutral
Accel,13.18014,-5441.000000,118.000000,3299.000000,Neutral
Gyro,13.18014,-46.548733,-21.306120,-22.010847,Neutral
Accel,13.20707,-6041.000000,580.000000,2941.000000,Neutral
Gyro,13.20707,-47.038124,-20.697540,-21.380198,Neutral
Accel,13.24501,-6093.000000,206.000000,2927.000000,Neutral
Gyro,13.24501,-47.626457,-20.429279,-21.120001,Neutral
